dosef,energy,natom,mass,fmax,smax,hform,volume,gap_nosoc,gap
0.0,-13.58198105,4,279.8564,0.007038859,7.93e-05,0.063504738,380.9098577,0.967953153,0.961595225
0.0,-14.78038301,4,458.053138,0.003891336,0.00022872,-0.091095753,387.3227331,1.282603342,1.217788998
0.0,-13.68847294,4,551.875138,0.009050766,0.000198743,-0.115618235,414.2492295,1.18779398,0.956756791
0.0,-8.32362832,2,101.9031335,7.22e-14,6.85e-05,0.03868584,218.1541676,1.239192846,1.237286521
0.0,-7.551540269,2,148.7415385,0.003253097,2.02e-05,0.296229866,261.1305157,1.459350749,1.453232771
0.0,-12.1280051,2,41.783762,7.12e-14,0.000134977,-0.029002552,134.340321,0.898356271,0.898202962
0.0,-7.43983724,2,144.644595,0.002457814,2.96e-05,0.06308138,222.8699666,1.099156618,1.093558343
0.0,-11.26193753,2,83.73,8.38e-14,0.000669791,-0.002968766,138.7728406,1.877937453,1.876537981
0.0,-8.163992128,2,100.696762,0.004929844,2.71e-05,0.052003936,206.0337368,1.586441923,1.583246966
0.0,-11.49375336,2,88.629,0.003737307,0.000131381,-0.926876679,125.5525514,2.084307265,2.079948512
0.0,-9.043473802,2,104.69,0.003691111,0.000107471,-0.224736901,172.4031733,2.473184071,2.446749443
0.0,-8.379659036,2,151.601,0.001771632,1.33e-05,-0.190329518,191.4289918,2.287149595,2.219145588
0.0,-7.733100037,2,200.23,0.008620717,5.36e-05,-0.006050018,222.9385608,1.795427946,1.467633478
0.0,-7.756570662,2,145.791762,0.000825699,3.24e-05,0.185714669,238.4293531,1.07402767,1.063679713
0.0,-10.56814465,2,223.199,0.001641062,0.000173099,-0.842572327,178.0156472,1.869946998,1.700188197
0.0,-8.52431194,2,239.26,0.007694068,9.61e-05,-0.34365597,221.8913278,2.087750759,1.833015657
0.0,-7.981909308,2,286.171,0.006858685,5.55e-05,-0.369954654,238.1044563,1.91529182,1.517935993
0.0,-7.41686496,2,334.8,0.00709536,5.4e-05,-0.22643248,269.8996333,1.666777076,0.910058739
0.0,-11.13475056,2,134.709,0.009780658,0.000174275,-0.97737528,154.8669251,1.679718424,1.674538832
0.0,-8.817616218,2,150.77,0.007533317,5.37e-05,-0.341808109,200.6233715,2.313442582,2.287925386
0.0,-8.207875735,2,197.681,0.009203418,3.34e-05,-0.334437868,218.8291101,2.229408636,2.151801719
0.0,-7.580468192,2,246.31,0.009639532,4.16e-05,-0.159734096,251.515183,1.906419725,1.55758105
0.0,-11.09415776,3,186.885595,0.00942554,0.000119233,-0.256052588,233.3713394,1.459698552,1.387317362
0.0,-11.58234905,3,142.431595,0.007404695,0.000120693,-0.352116349,225.031106,1.556410116,1.535124659
0.0,-10.61383063,3,233.796595,0.002281241,2.34e-05,-0.294276877,245.9204098,1.287627616,1.228199692
0.0,-11.07629442,3,189.342595,0.006711246,6.55e-05,-0.381764808,238.2868951,1.45244217,1.37370083
0.0,-10.10363302,3,280.797065,0.00543373,8.61e-05,-0.159877675,261.3883061,1.330276532,1.152030854
0.0,-10.54216341,3,233.886065,0.003926133,8.58e-05,-0.107721136,249.4959347,1.608009065,1.337549698
0.0,-10.18612706,3,282.425595,0.002741156,4.04e-05,-0.244375687,267.8194595,1.404818802,1.237800322
0.0,-10.61836226,3,237.971595,0.006226213,5.31e-05,-0.321787419,260.7656816,1.667628434,1.478980538
0.0,-9.718046895,3,329.426065,0.005919638,3.09e-05,-0.124015632,282.1772076,1.253415754,0.983807626
0.0,-12.00877035,3,320.9444,0.00723769,9.05e-05,-0.557256784,284.8881611,1.759691078,0.929477414
0.0,-12.51150148,3,276.4904,0.009248264,0.000185192,-0.658167159,279.4971177,1.779984755,1.037662199
0.0,-11.98504958,3,323.4014,0.004504115,5.99e-05,-0.681016527,290.2903907,1.64216213,0.884781349
0.0,-11.46676037,3,367.94487,0.006227065,3.33e-05,-0.412253456,296.9047809,1.923300064,0.819868117
0.0,-11.31533224,3,233.724,0.001475146,7.28e-05,-0.415444078,268.6564312,1.363864975,1.219742456
0.0,-11.80167169,3,189.27,0.005788791,0.000168889,-0.510890565,262.5326764,1.403167779,1.318255478
0.0,-10.80571664,3,280.635,0.005522269,6.72e-05,-0.443905547,280.5571812,1.191366626,1.071738666
0.0,-11.28552356,3,236.181,0.005742889,3.81e-05,-0.537174519,274.552043,1.308090703,1.17354892
0.0,-10.30489713,3,327.63547,0.006576969,7.17e-05,-0.312632378,293.3508953,1.279093288,1.015895313
0.0,-10.79812978,3,280.72447,0.004148634,4.53e-05,-0.278709925,281.5730722,1.564679199,1.22311206
0.0,-10.3267316,3,329.264,0.006950188,3.75e-05,-0.376910533,302.9140678,1.311164721,1.055324678
0.0,-10.79492743,3,284.81,0.004010374,1.61e-05,-0.466309142,297.1172764,1.531705564,1.258001046
0.0,-9.840153025,3,376.26447,0.004529726,1.58e-05,-0.250384342,314.8957319,1.172307537,0.844040871
0.0,-9.315922858,2,149.84319,0.001668944,3.31e-05,0.005038571,174.2305683,1.613587055,1.48328754
0.0,-23.46334759,4,269.684088,0.008512423,8.07e-05,-0.214836898,203.1333362,1.138559752,1.123871403
0.0,-12.45359651,4,197.992,0.004948438,0.000797136,-0.382899128,236.3053976,1.295783093,1.227598387
0.0,-11.64374975,4,286.9,0.007842917,0.000555386,-0.280437438,255.2456577,1.527417536,1.521597108
0.0,-10.97358382,4,380.90094,0.007309657,0.000577267,-0.166395955,284.9065065,2.042794315,1.787080901
0.0,-11.77554126,4,288.702,0.009821955,0.0001724,-0.610385316,271.2301861,1.752007779,1.621475473
0.0,-14.45177796,4,250.8368063,0.002091076,0.002234781,-0.909444491,177.440512,0.904198441,0.864910355
0.0,-10.93397984,4,286.6364,0.008753047,0.000160812,-0.42099496,317.5212894,1.675930495,1.568510788
0.0,-10.20195824,4,375.5444,0.008587084,0.000172419,-0.337989559,321.4557552,1.827971926,1.723571793
0.0,-9.672236109,4,469.54534,0.005750252,8.16e-05,-0.259059027,342.2074817,2.069481766,1.768575814
0.0,-12.14027571,4,288.948,0.003160987,0.000172658,-0.532568927,304.3531808,1.794689781,1.785808012
0.0,-10.90387838,4,382.77,0.007446994,0.000101174,-0.520969595,323.9571484,1.523170669,1.402384751
0.0,-10.09439302,4,483.44494,0.004849179,7.37e-06,-0.403098256,327.8012926,1.057176174,0.98856684
0.0,-17.63131186,4,461.068,0.008094819,8.67e-05,-0.338327965,215.4111249,1.603961777,1.31203896
0.0,-9.018301407,4,647.742078,0.001666828,0.000226478,0.049424648,322.4730802,1.110934154,0.827103463
0.0,-5.898826213,4,654.99294,0.008462068,0.000120785,-0.293206553,326.8450337,1.426285798,1.276615213
0.0,-10.35833144,4,662.56894,0.007065135,3.52e-05,-0.601582859,586.4873511,3.297620563,2.41642551
0.0,-34.01289644,4,141.874088,0.002938792,0.00015336,-1.082724111,241.6174041,1.059995155,1.059426584
0.0,-28.41836382,4,267.818088,0.007597994,4.77e-05,-0.504590955,292.6298482,0.929557196,0.897948945
0.0,-12.40823442,4,197.992,0.005545914,0.000625937,-0.371558605,261.4060955,1.498942812,1.446579653
0.0,-11.61918118,4,286.9,0.00075968,0.000595913,-0.274295295,277.8952312,1.551837819,1.496128575
0.0,-10.94035257,4,380.90094,0.008456202,0.000415602,-0.158088143,318.8861503,2.077054458,1.866194528
0.0,-11.79240679,4,210.346,0.005141595,8.99e-05,-0.604101697,586.0090777,2.402017041,2.396171521
0.0,-9.776592022,4,393.25494,0.009373149,0.000115475,-0.253648006,672.1680867,1.841323415,1.785683161
0.0,-10.81310507,4,286.6364,0.007207914,0.000125895,-0.390776266,370.6716971,2.063056851,2.000395363
0.0,-10.17179374,4,375.5444,0.001279795,4.54e-05,-0.330448435,364.7693481,1.927208689,1.834454558
0.0,-9.647725192,4,469.54534,0.00255066,6.98e-05,-0.252931298,389.8653802,2.153192614,1.875283627
0.0,-11.93265695,4,300.536,0.008428564,4.1e-05,-0.709164238,673.6958123,2.355230623,2.298897931
0.0,-9.934425459,4,483.44494,0.005904687,3.7e-05,-0.363106365,785.5923433,1.868043885,1.78681421
0.0,-11.22283255,4,568.568,0.005764857,3.03e-05,-0.764208136,713.8849662,2.758627338,2.42599229
0.0,-10.20124207,4,662.56894,0.005154998,2.23e-05,-0.562310517,769.8685842,2.418858462,2.093276718
0.0,-19.13974386,4,118.083077,0.004727138,0.000249699,-0.876935965,221.1478053,2.141968952,2.141717836
0.0,-17.28738867,4,211.905077,0.002977685,8.36e-05,-0.711347169,247.8311533,2.145828544,2.137821953
0.0,-15.37792102,4,309.163077,0.008740903,6.73e-05,-0.372980256,307.6865084,2.065176689,1.954232529
0.0,-16.60135861,4,203.566,0.007972952,6.38e-05,-0.659839651,240.8462193,2.180920665,2.179787927
0.0,-15.1625699,4,297.388,0.003339913,9.5e-05,-0.597642475,265.0525064,1.657274695,1.643826053
0.0,-13.6879044,4,394.646,0.003300117,9.37e-05,-0.367976099,310.1221266,1.384565951,1.269094545
0.0,-15.89044833,4,293.756,0.003403042,0.000104124,-0.552112082,268.3120478,1.605334898,1.603945751
0.0,-14.62868328,4,387.578,0.006090629,6.09e-05,-0.534170819,294.1298602,1.340027419,1.321066062
0.0,-13.32286925,4,484.836,0.004256627,5.95e-05,-0.346717312,341.7370233,1.266085773,1.14445243
0.0,-16.36190026,3,125.838044,0.004656443,0.000129702,-1.024966753,281.449211,2.02962255,2.024827411
0.0,-15.1359014,3,214.746044,0.006831217,9.15e-05,-0.749633801,308.7155039,1.874314444,1.775286331
0.0,-5.979260336,3,319.18894,0.009146994,8.44e-05,-0.613086779,333.7321951,2.673301956,2.431688075
0.0,-13.56495259,3,136.75,0.00828356,5.22e-05,-0.297650863,224.7920129,1.344546749,1.344472358
0.0,-10.0871019,3,143.53,0.001646488,3.87e-05,-0.667033968,342.2970882,1.377384535,1.373051228
0.0,-8.101560652,3,326.43894,0.003219911,5.69e-05,-0.209853551,400.4037605,1.286497238,1.011400907
0.0,-13.5490172,3,110.6268063,0.007327131,0.001554579,-1.953005732,259.8657693,1.601453424,1.598830773
0.0,-9.100960911,3,232.438,0.008024479,6.87e-05,-0.471653637,362.4931875,1.368066486,1.30191286
0.0,-18.06536047,3,111.987,0.002653425,0.000209079,-1.073120158,253.3699272,1.285334644,1.266108473
0.0,-16.23873641,3,205.809,0.001572687,0.000167498,-0.860912138,277.9264044,0.95713553,0.877611538
0.0,-13.89739467,3,308.746984,0.00864206,8.63e-05,-0.408131558,357.5688064,1.523575789,1.223499387
0.0,-19.38654291,3,155.344,0.002880739,8.16e-05,-1.275847637,290.5866858,1.951190404,1.927566443
0.0,-17.51280686,3,249.166,0.007462272,9.55e-05,-1.047935621,312.5578225,1.53177462,1.445533272
0.0,-5.764489798,3,366.22294,0.001122279,7.19e-06,-0.627163266,379.5455646,2.602952616,2.336091843
0.0,-18.09991198,3,150.708,0.007361524,0.000293152,-1.265303994,203.6073131,2.101134941,2.101048378
0.0,-13.16970322,3,182.83,0.000292272,8.22e-05,-0.319234407,263.8491449,1.438133977,1.438120058
0.0,-11.89587104,3,276.652,0.005718997,0.00010415,-0.291290345,291.5781077,0.859052315,0.8598281
0.0,-13.6831474,3,156.7068063,0.002250557,0.00131843,-2.151049135,301.3267134,1.658213781,1.641807212
0.0,-10.2256201,3,189.61,0.009529484,8.85e-05,-0.866540032,409.5511686,1.478733961,1.452781408
0.0,-9.208982622,3,278.518,0.000725121,1.63e-05,-0.660994207,435.4718803,1.322323052,1.270074159
0.0,-8.157238526,3,372.51894,0.001454222,1.34e-05,-0.381746175,471.2455181,1.341999555,1.093325475
0.0,-19.4408359,3,242.61,0.000920902,4.73e-05,-1.259611968,285.3291892,2.216286628,2.093426858
0.0,-17.50714478,3,336.432,0.006555932,4.83e-05,-1.011714926,308.2571019,1.786950036,1.684573609
0.0,-15.29620842,3,433.69,0.004019595,8.76e-05,-0.460069472,356.1190944,1.202503124,0.981204687
0.0,-8.299848266,3,238.5888063,0.005391883,0.001489903,-1.413616089,274.3292387,2.267612405,2.087521061
0.0,-6.326189645,3,271.492,0.001225355,6.46e-05,-0.623729882,311.2115711,2.518233419,2.467295193
0.0,-5.590154175,3,360.4,0.00662825,8.24e-05,-0.511718058,336.1295135,2.145020238,2.006352814
0.0,-4.89472077,3,454.40094,0.003706151,0.00016071,-0.351240257,385.4456244,1.850760049,1.540789842
0.0,-15.68335414,3,239.198,0.000439551,0.000175228,-0.558784713,225.1581512,1.128212148,1.125150306
0.0,-10.43514985,3,278.1,0.00443509,5.75e-05,-1.035383282,414.2471283,2.396153181,1.948845204
0.0,-9.415977674,3,367.008,0.001127295,2.37e-05,-0.828992558,438.1087766,2.151013547,1.671159814
0.0,-8.358515346,3,461.00894,0.006905656,4.91e-05,-0.547838449,476.1164057,1.972191977,1.305129155
0.0,-41.21635716,10,479.135524,0.00976006,0.000192341,-0.416435716,629.824617,1.887944329,1.88666015
0.0,-54.31051084,10,344.21934,0.00888365,5.82e-05,-0.979251084,652.2196578,0.830875527,0.826645135
0.0,-53.61022464,10,645.649612,0.009947174,5.86e-05,-0.254822464,643.4889179,0.961020155,0.918792385
0.0,-52.1658271,10,371.694324,0.007466749,8.32e-05,-0.24738271,543.63316,0.876378971,0.874500682
0.0,-36.96544836,10,666.533524,0.003024404,5.91e-05,-0.296944836,642.9205198,1.310640074,1.306645615
0.0,-36.63548007,10,760.601524,0.007166816,2.24e-05,-0.315348007,695.7746257,1.276751495,1.270873334
0.0,-58.26579515,10,611.287524,0.009931893,0.009641449,-0.805579515,696.5471701,0.87416892,0.861774829
0.0,-38.91626222,10,655.491524,0.004817967,0.000124141,-0.194826222,647.7354449,1.034237766,1.019446949
0.0,-32.50073031,10,1052.375524,0.006461711,3.32e-05,-0.068673031,806.6605604,0.824104811,0.812250994
0.0,-38.69522092,10,972.807524,0.007511083,4.13e-05,0.029677908,818.2430842,0.830833534,0.818983514
0.0,-46.63559123,10,399.567524,0.008108915,9.25e-05,-0.240559123,647.5928109,1.406771948,1.405706717
0.0,-42.24159317,10,681.033524,0.008845894,7.24e-05,-0.158159317,709.1236552,0.982539936,0.98389423
0.0,-43.90761436,10,483.943524,0.008555296,5.5e-05,-0.318361436,687.8489045,0.845285996,0.839293217
0.0,-46.46611371,10,491.727524,0.009197845,5.93e-05,-0.315611371,725.2502953,1.04768679,1.037882663
0.0,-41.50459845,10,779.293524,0.009162549,3.63e-05,-0.106459845,801.59817,1.079747989,0.975019944
0.0,-46.70661137,10,668.707524,0.007521373,6.73e-05,-0.399061137,745.8435208,1.542329458,1.483049997
0.0,-42.18392969,10,950.173524,0.003660541,5.05e-05,-0.303792969,808.8403934,1.172770391,1.003770632
0.0,-48.00182856,10,308.270601,0.008708553,0.000138872,-0.532782856,599.3766185,1.311772542,1.305212261
0.0,-57.81213671,10,356.190524,0.00953835,8.84e-05,-0.556613671,551.5678024,1.075855272,1.071122778
0.0,-41.70326836,10,385.067524,0.005701381,0.000116637,-0.413726836,576.3841243,2.086686076,2.086007016
0.0,-5.683398485,3,366.22294,0.00353481,5.11e-05,-0.600132828,298.6500506,2.487202648,2.135734719
0.0,-14.02600093,3,126.745,0.005835879,0.000514352,-0.471333644,175.0703835,0.844487021,0.843011295
0.0,-9.508109983,3,232.438,0.000687089,6.61e-05,-0.607369994,260.8969596,2.337036725,2.300947905
0.0,-8.553358358,3,326.43894,0.00265561,3.86e-05,-0.360452786,296.1298268,2.116417449,1.953958364
0.0,-5.533236702,3,360.4,0.007455326,0.000111716,-0.492745567,270.2560494,2.113420006,1.981668971
0.0,-6.346483397,3,271.492,0.006543481,0.000144427,-0.630494466,247.5508917,2.52218939,2.447333359
0.0,-4.68192405,3,454.40094,0.008125595,0.000111342,-0.280308017,308.1358062,1.512860095,1.199179091
0.0,-15.23327514,3,214.746044,0.001528673,3.92e-05,-0.782091714,236.1385521,1.589203609,1.476963133
0.0,-16.46669788,3,125.838044,0.005987586,5.11e-05,-1.059899293,210.1944084,1.806494397,1.79739278
0.0,-13.93215669,3,308.746984,0.009180483,9.6e-05,-0.419718897,270.9216863,1.193803191,0.877337074
0.0,-11.6364483,3,218.5014,0.009749562,0.0001225,-0.406482766,211.002139,0.874776757,0.874915726
0.0,-12.73957569,3,129.5934,0.005014561,4.5e-05,-0.640858563,186.8773449,1.219782018,1.218577209
0.0,-13.29795322,3,350.038,0.0045891,9.83e-05,0.354348928,222.4261804,1.187068151,1.15670486
0.0,-14.27348978,3,261.13,0.008798257,0.000192415,0.162503408,199.3528176,1.333887011,1.329898992
0.0,-12.83501288,3,444.03894,0.007364438,0.000100376,0.437329041,252.6022957,1.194723188,1.100271165
0.0,-9.822897865,3,367.008,0.002702992,1.12e-05,-0.964632622,319.5858727,2.713893035,2.004139519
0.0,-10.83169716,3,278.1,0.002295098,9.74e-05,-1.167565719,300.3827717,3.031914965,2.36657879
0.0,-8.792612897,3,461.00894,0.005577815,6.16e-05,-0.692537632,352.3454714,2.507397459,1.49944992
0.0,-12.9367558,3,260.878,0.006251592,9.94e-05,-0.101251934,218.2476895,1.060023726,1.045299664
0.0,-13.93478818,3,171.97,0.009808697,0.000198352,-0.30059606,195.1672381,1.183699598,1.181257204
0.0,-12.30934479,3,354.87894,0.006747259,0.000106231,0.036551737,250.0543411,1.061399947,1.022354087
0.0,-9.617543731,3,278.518,0.003222954,2.59e-05,-0.797181244,305.5154936,2.168302317,2.096872147
0.0,-10.59861227,3,189.61,0.005179719,7.55e-05,-0.990870758,285.9155851,2.374210741,2.323855177
0.0,-8.628690316,3,372.51894,0.003408961,3.79e-05,-0.538896772,338.9388433,2.043299014,1.83661838
0.0,-14.28309357,3,210.7495,0.00567969,9.75e-05,-0.86303119,227.4503899,1.252688254,1.251545631
0.0,-15.6148868,3,121.8415,0.008259441,0.000192823,-1.173628934,204.3674354,1.353753748,1.353733361
0.0,-12.95199007,3,304.75044,0.007920462,9.72e-05,-0.490663358,267.3179414,1.210201631,1.203522146
0.0,-5.615259137,3,319.18894,0.001884108,4.93e-05,-0.491753046,265.7378506,2.057025323,1.749002181
0.0,-6.44105486,3,272.222,0.009219018,9.09e-05,-0.78135162,245.0964704,2.556781117,2.368673574
0.0,-5.297782045,3,366.22294,0.002043107,7.55e-05,-0.471594015,286.9748112,1.894156374,1.490086993
0.0,-15.69619069,3,249.39,0.004020476,6.19e-05,-1.540063565,179.3449102,1.009026805,0.908001551
0.0,-5.233056432,3,360.4,0.001796407,5.74e-05,-0.392685477,253.7998291,1.782665177,1.573188327
0.0,-6.033661507,3,271.492,0.002666311,4.84e-05,-0.526220502,229.4406689,2.140092436,2.083546991
0.0,-9.578251681,3,367.008,0.004862943,4.18e-05,-0.883083894,300.2638288,3.188414594,2.274864553
0.0,-8.558619376,3,461.00894,0.008154883,8.48e-05,-0.614539792,334.657508,2.645474586,1.577068554
0.0,-9.360405395,3,278.518,0.00504111,8.98e-05,-0.711468465,288.0545122,2.607001757,2.499415372
0.0,-8.373765652,3,372.51894,0.000398022,4.5e-05,-0.453921884,321.8634159,2.158931363,1.925838218
0.0,-14.8708223,3,118.767,0.000505114,0.000376758,-1.536940768,169.2064222,0.921543369,0.902542735
0.0,-6.376260853,3,225.188,0.007698727,9.97e-05,-0.674086951,215.7749314,2.60641164,2.41067351
0.0,-5.074729584,3,319.18894,0.002619955,3.49e-05,-0.311576528,259.1854633,1.3122181,0.897591708
0.0,-14.59040157,3,251.032,0.007570143,0.000108769,-1.339133855,204.985616,0.867843686,0.8282377
0.0,-16.08844356,3,162.124,0.001141701,0.000107603,-1.705147855,185.4638017,1.013445538,0.980598798
0.0,-21.3832495,8,815.389897,0.006959941,8.92e-05,-0.629906187,788.9489638,2.423605082,2.093213854
0.0,-22.51431572,8,629.26719,0.007616869,0.000106154,-0.459789465,724.3529625,2.571940194,2.476774963
0.0,-19.87584692,8,911.27001,0.007621471,8.5e-05,-0.210230865,848.0035218,2.248122956,1.911370054
0.0,-25.18742869,8,897.3848,0.00764794,8.32e-05,-0.791178587,869.7062984,2.966013461,1.953819222
0.0,-28.17487959,8,630.6608,0.007934208,9.89e-05,-1.014609948,802.3264606,3.331330159,2.359946681
0.0,-22.1762327,8,1179.38762,0.006643817,5.18e-05,-0.495029088,989.2573204,2.575923011,1.376978043
0.0,-23.54080358,8,722.944,0.008580098,0.000106208,-0.652350448,824.4365681,2.504103222,2.33298732
0.0,-29.21109522,8,597.290388,0.001923731,8.72e-05,-0.405386902,590.7308049,0.993551077,0.961775784
0.0,-32.40013789,8,330.566388,0.004725485,0.000166708,-0.654017236,514.1996042,1.134851845,1.129741887
0.0,-35.08518151,8,583.4162,0.007645258,0.000217538,-0.844647689,640.0078397,1.681594482,1.659580916
0.0,-35.11136584,8,583.4162,0.009696807,1.68e-05,-0.84792073,641.737144,1.518474718,1.509558426
0.0,-38.85747557,8,316.6922,0.009440089,0.000152409,-1.166184446,559.4802201,1.917919381,1.895277023
0.0,-38.87601105,8,316.6922,0.002362631,0.000217057,-1.168501382,561.2917227,1.73667052,1.735204359
0.0,-31.36796518,8,865.41902,0.008672405,9.61e-05,-0.460245648,767.2242176,1.403638304,1.005424408
0.0,-31.39854256,8,865.41902,0.005158654,6.05e-05,-0.46406782,768.2714112,1.263010579,0.890693045
0.0,-17.84696486,8,900.87282,0.004116589,2.33e-05,-0.396620608,804.5979544,1.420131707,1.152503116
0.0,-20.67087306,8,1004.94682,0.006691107,6.8e-05,-0.373859132,949.6255339,2.228735491,1.825644329
0.0,-18.50184294,8,991.06282,0.00851313,8.8e-05,-0.513480368,891.6298716,1.88182909,1.597185544
0.0,-30.76865889,8,863.858,0.001015182,6.33e-05,-0.338332361,644.7598435,1.693765467,1.566756002
0.0,-33.65805203,8,597.134,0.008365564,0.000138509,-0.549506504,572.2194712,1.981343805,1.822546129
0.0,-28.6751802,8,1145.86082,0.004907154,6.51e-05,-0.156897525,752.6212654,1.508339039,1.358327929
0.0,-36.60831687,8,671.324,0.004690785,8.31e-05,-0.586789608,664.417964,1.619087896,1.585221237
0.0,-40.41398169,8,404.6,0.003123655,9.24e-05,-0.912497711,563.900855,1.670643993,1.651336452
0.0,-32.99646681,8,953.32682,0.007746101,2.06e-05,-0.215558351,800.8976552,1.433928172,1.372447925
0.0,-32.96323246,8,953.32682,0.006102751,6.63e-05,-0.211404057,813.0922418,1.014442448,0.976534823
0.0,-27.76050279,8,685.235,0.005000987,0.000109834,-0.494562849,639.4275546,1.392054883,1.343929514
0.0,-30.4617032,8,418.511,0.005129638,5.29e-05,-0.6822129,566.2770459,1.615952739,1.59025874
0.0,-25.66897519,8,967.23782,0.004611528,6.74e-05,-0.313371898,750.8448806,1.24737584,0.99106612
0.0,-28.49869729,8,851.338636,0.008789132,7.95e-05,-1.288837161,860.1823277,2.264007283,1.851038953
0.0,-18.6245482,8,888.184,0.008793115,8.28e-05,-0.514818525,799.0873208,1.812436907,1.661320162
0.0,-21.32973495,8,621.46,0.01056666,5.49e-05,-0.702966868,716.7634344,2.452723209,2.425105826
0.0,-35.09850613,8,847.104,0.002895735,3.47e-05,-0.327313267,617.2858043,1.335357536,1.15692268
0.0,-31.38302788,8,1129.10682,0.00627754,6.5e-05,0.056871515,788.2368001,1.140434803,1.080523765
0.0,-24.70142126,8,897.3848,0.006420841,5.83e-05,-0.730427657,969.2587772,2.718479263,1.743421053
0.0,-27.79093588,8,630.6608,0.007621594,3.71e-05,-0.966616985,882.1011782,3.169099798,2.18089138
0.0,-21.53051824,8,1179.38762,0.008686128,5.93e-05,-0.41431478,1078.230075,2.391103183,1.101798671
0.0,-20.22171671,8,618.87,0.009941839,0.000166536,-0.613214588,736.8747164,1.478046714,1.349929834
0.0,-21.08961672,8,709.06,0.009033599,8.25e-05,-0.75670209,835.1920197,2.133375093,2.01135007
0.0,-27.76474989,8,851.338636,0.00913107,9.31e-05,-1.197093736,924.7533991,2.083301475,1.862934343
0.0,-17.92643051,8,888.184,0.007686125,6.97e-05,-0.427553814,878.1774086,1.248999978,1.092200741
0.0,-20.72091022,8,621.46,0.003544657,8.07e-05,-0.626863777,802.1790972,1.68228291,1.682699971
0.0,-38.05648051,5,154.0000063,0.001147702,0.003166438,-1.369096103,154.3830337,1.178274382,1.166373656
0.0,-34.41838591,5,139.9196223,0.004240288,0.002000094,-2.541077182,183.0393303,1.022178758,1.019543154
0.0,-34.26097205,5,227.8194863,0.007087926,0.001660639,-2.496794409,220.1879299,1.121381239,1.117494684
0.0,-46.01701937,5,400.989,0.006669624,0.000403491,-2.307603874,182.5011502,1.008199028,0.937954018
0.0,-45.71158252,5,226.457,0.003915944,0.000269157,-2.287716503,184.9782674,0.968236453,0.950477054
0.0,-14.8870065,3,293.844,0.008098402,0.000185152,-1.337002166,185.763546,0.945659414,0.824357394
0.0,-13.86564375,3,340.84447,0.007134852,4.95e-05,-1.032214582,202.108288,0.946394267,0.808826352
0.0,-18.90021044,3,289.521,0.003897497,6.08e-05,-1.277736814,205.8214975,0.981996788,0.886304587
0.0,-19.32738823,3,302.521,0.006551058,3.67e-05,-0.479129409,186.1107484,1.266055953,1.136065875
0.0,-21.17817282,3,206.981,0.004730597,8.45e-05,-0.805057607,166.8669927,1.541144137,1.452932834
0.0,-20.12368162,3,255.61,0.003322416,4.25e-05,-0.546227208,178.5793692,1.015927476,0.992590183
0.0,-14.03776318,3,163.221,0.003865094,0.000279758,-1.32592106,180.3288568,0.86009496,0.82986888
0.0,-19.14348511,3,390.411,0.006598349,2.71e-05,-0.323495038,186.0718361,1.357271401,1.038068493
0.0,-21.2173964,3,294.871,0.009997643,9.5e-05,-0.7237988,166.9996668,1.695802341,1.401412838
0.0,-20.02557482,3,343.5,0.001543873,1.19e-05,-0.419191606,178.5038723,1.242759596,1.142474456
0.0,-15.31010158,3,206.578,0.006781184,5.91e-05,-1.512367194,192.1221004,0.950488227,0.911686042
0.0,-14.35181388,3,253.57847,0.0035557,9.33e-05,-1.228604626,208.7524893,0.932796744,0.876802917
0.0,-18.90866388,3,202.255,0.004943712,4.45e-05,-1.31488796,208.8403401,0.89291562,0.828945459
0.0,-10.08834529,3,237.971595,0.009369579,9.62e-05,-0.145115096,230.7138826,1.531263051,1.288944867
0.0,-11.66149706,3,320.9444,0.004057109,9.21e-05,-0.44149902,252.0200394,2.086154939,1.250364213
0.0,-12.15048857,3,276.4904,0.006091488,0.000131753,-0.537829523,245.9613661,2.284002568,1.496658524
0.0,-11.62660714,3,323.4014,0.009453388,7.57e-05,-0.561535713,256.2960411,2.260045116,1.290102363
0.0,-10.92882287,3,233.724,0.002811235,5.74e-05,-0.286607624,237.8322212,1.507748884,1.426792548
0.0,-10.88973418,3,236.181,0.001740375,4.44e-05,-0.405244727,242.415959,1.761473053,1.674343664
0.0,-9.937264033,3,329.264,0.003845349,3.54e-05,-0.247088011,266.8336277,1.465247391,1.318498698
0.0,-11.40690841,3,189.27,0.009320639,8.14e-05,-0.379302802,231.5462597,1.705613467,1.669372279
0.0,-9.915294747,3,327.63547,0.006386695,8.32e-05,-0.182764916,259.4166149,1.280515923,1.007634645
0.0,-10.36090142,3,284.81,0.008462837,7.7e-05,-0.321633806,261.8178493,1.67717665,1.393547383
0.0,-10.43466686,3,280.635,0.001800099,3.74e-05,-0.320222286,248.3075279,1.554963904,1.464688102
0.0,-9.472384649,3,376.26447,0.00806357,1.99e-05,-0.127794883,277.0448733,1.238415562,1.016038691
0.0,-10.59092867,3,186.885595,0.001324725,6.44e-05,-0.088309556,207.5422371,1.499778383,1.416560582
0.0,-11.07911137,3,142.431595,0.006727857,9.32e-05,-0.184370457,200.0210771,1.748505431,1.730944471
0.0,-10.13149341,3,233.796595,0.006962264,7.61e-05,-0.133497803,218.0464224,1.610029443,1.497109736
0.0,-10.57581943,3,189.342595,0.00696048,0.000123661,-0.21493981,211.2132319,1.780994509,1.716803125
0.0,-9.69718211,3,282.425595,0.005920213,2.56e-05,-0.081394037,236.2083753,1.342123804,1.064776452
0.0,-11.15546075,3,367.8554,0.004121608,1.2e-05,-0.471153585,262.479738,2.068341375,1.074469533
0.0,-18.17353606,4,209.38,0.006530221,6.7e-05,-0.246384016,280.050253,1.746152634,1.713780631
0.0,-16.81871595,4,303.202,0.003776811,7.22e-05,-0.205178986,290.5460883,1.155963675,1.12114219
0.0,-15.60067346,4,400.46,0.006451418,8.44e-05,-0.039668365,316.6735142,0.881126764,0.815331287
0.0,-21.30040843,4,123.895048,0.008135904,5.96e-05,0.039897892,261.9884775,0.903161944,0.902567659
0.0,-17.72963775,4,478.52,0.005795609,0.000120484,-0.513909439,307.878793,1.672692338,1.16237556
0.0,-19.17989975,4,120.29,0.009587849,0.000133899,-0.056474938,276.1891926,1.422500056,1.416529456
0.0,-17.50590553,4,214.112,0.002752371,6.07e-05,0.064523618,294.8526847,1.209584758,1.195080591
0.0,-17.92815155,4,301.54,0.002244882,9.23e-05,-0.415037888,300.6994552,1.494497302,1.414027531
0.0,-16.63419243,4,395.362,0.006214837,2.24e-05,-0.389048107,323.3351033,1.012245294,0.922535256
0.0,-18.48425744,4,299.68638,0.005263983,0.000173376,0.041935641,306.4451338,0.848685398,0.834717639
0.0,-19.08010714,6,353.068,0.009188751,5.21e-05,-0.15235119,575.0109374,1.52264363,1.520448428
0.0,-16.86516172,6,540.712,0.005692337,5.77e-05,-0.179860286,556.7892167,1.367826338,1.363700746
0.0,-15.0685573,6,735.228,0.009529737,5.04e-05,-0.065759549,641.9333948,1.125772316,1.06820189
0.0,-32.39829249,6,245.6268,0.003216305,5.76e-05,-0.265382082,454.1712938,0.839681233,0.82387627
0.0,-29.57312818,6,433.2708,0.0041867,1.96e-05,-0.19118803,515.1396463,1.03011423,1.01464995
0.0,-27.70183782,6,627.7868,0.007632392,6.02e-05,-0.064639637,612.0980678,0.962811681,0.920798001
0.0,-25.07165317,6,542.64,0.004635303,9.03e-05,-0.206942196,579.0271702,1.308239796,1.08287226
0.0,-25.71682137,6,341.08,0.007861265,6.77e-05,-0.294136895,500.0684332,1.145154309,1.119898805
0.0,-23.29397517,6,528.724,0.005560852,8.08e-05,-0.286995861,560.0218967,1.324055453,1.313170341
0.0,-21.99854709,6,723.24,0.007685931,4.08e-05,-0.256424516,654.6480427,1.276439447,1.211899557
0.0,-31.08923098,6,518.408,0.001944537,6.56e-05,-0.344871829,496.664528,1.886802155,1.802094509
0.0,-28.50028664,6,706.052,0.003062142,8.01e-05,-0.310047774,556.7557222,1.51858317,1.441398552
0.0,-27.18091476,6,900.568,0.003363078,3.25e-05,-0.275485794,648.9989708,1.384170036,1.309126196
0.0,-19.8299018,6,259.0,0.004729942,4.81e-05,-0.1916503,520.9614925,1.6938031,1.692685838
0.0,-17.27847305,6,446.644,0.009603937,6.03e-05,-0.163078842,563.8388651,1.387922779,1.381795807
0.0,-15.17452366,6,641.16,0.007829926,6.98e-05,0.002246057,684.8118571,0.97711149,0.9589062
0.0,-391.4365553,78,903.264,0.511947574,0.008623364,-0.364827632,1734.192656,1.506181849,1.405245149
0.0,-389.4570891,78,1081.08,0.516860626,0.006867522,-0.34970627,1857.183475,1.843915816,1.78576788
0.0,-32.73241994,12,1098.504,0.007148473,0.000174882,-0.750034995,1371.706699,1.660545704,1.643290045
0.0,-68.99623654,12,1400.636,0.008796478,0.000626137,-0.335686378,800.5305946,0.871347086,0.824703073
0.0,-104.8349014,12,872.82,0.008688997,0.000202625,-1.43424178,519.5262108,1.52200234,1.338459158
0.0,-86.37054612,12,1001.308,0.009491639,0.000390438,-0.592878843,673.5928923,1.418694808,1.275585143
0.0,-79.32459586,12,1376.596,0.008369327,0.000216826,-0.402382988,728.418202,1.238591355,1.110242971
0.0,-73.37535935,12,1765.628,0.008511364,0.000158545,-0.091946612,822.1454114,0.911899901,0.817879366
0.0,-19.58257031,3,116.1161,0.005880796,0.000428796,-0.672523438,144.3631415,0.914937597,0.877437331
0.0,-17.79271407,3,104.628,0.00275369,0.000220323,-1.009571356,118.5879075,1.457371149,1.456923077
0.0,-25.99659861,3,210.488,0.008526212,0.000300884,-2.747532869,146.3494598,2.012003933,1.927779251
0.0,-20.43920399,3,242.61,0.0001905,8.32e-05,-1.592401328,206.6728003,1.315695238,1.2211274
0.0,-19.7882388,3,242.61,0.006150575,0.000187648,-1.375412932,197.1910212,1.087664623,1.061025335
0.0,-17.99800995,3,336.432,0.000928741,1.93e-05,-1.17533665,214.9839974,0.893123888,0.812484621
0.0,-24.89246246,3,86.936044,0.00059092,0.000102128,-1.642487488,123.3785987,1.132287775,1.132189014
0.0,-27.38832889,3,127.948,0.006591195,0.000305858,-1.979442962,120.220345,0.916240018,0.91239669
0.0,-22.12103563,3,160.07,0.007056002,0.000240371,-0.921011875,159.1561829,1.647927914,1.58038944
0.0,-20.29098694,3,253.892,0.005365546,0.000142514,-0.707662314,175.0227238,1.432744747,1.321438186
0.0,-18.51342912,3,351.15,0.000207272,4.01e-05,-0.300476375,202.8150192,1.076725164,0.93183334
0.0,-19.62213035,3,90.6914,0.007326114,0.000195461,-0.709043449,118.0055686,1.281861072,1.281060179
0.0,-16.41791223,3,239.198,0.004350474,0.000187644,-0.80363741,171.5882619,1.349133661,1.346309206
0.0,-12.47689187,3,271.32,0.001450286,1.48e-05,-0.187297288,331.8928336,2.285583484,1.389531295
0.0,-11.35007714,3,365.142,0.001202173,3.47e-05,-0.208359045,359.0219523,1.897142696,1.026994586
0.0,-15.26687979,3,138.418,0.00060462,0.000198567,-0.399626597,140.5715946,1.377632335,1.378933551
0.0,-12.56298452,3,170.54,0.006527894,0.000184207,-0.195661508,191.2541679,1.220495028,1.170939986
0.0,-18.25042801,3,227.082,0.004143003,9.4e-05,-0.549476003,144.9038461,1.661750193,1.673977171
0.0,-15.69369928,3,259.204,0.004453935,0.000144587,-0.394566425,193.1503091,1.736565386,1.688257166
0.0,-14.55959943,3,353.026,0.005099684,0.00014945,-0.413199811,214.3241883,1.370624453,1.166654501
0.0,-22.18980189,3,76.953908,0.007483041,0.000313235,-2.427267296,153.0360645,1.463634276,1.463555918
0.0,-13.41690322,3,182.83,0.000784543,0.000112805,-0.401634407,212.4090857,1.588552065,1.587463778
0.0,-24.41796478,3,79.865,0.001782047,0.000355217,-2.493321594,124.5564918,1.208837164,1.195453671
0.0,-27.78390866,3,215.838,0.006504553,0.000291971,-2.016969554,121.5533149,1.377558493,1.340382481
0.0,-22.26193672,3,247.96,0.008247421,0.00026114,-0.873645573,159.5065969,1.815949151,1.533624078
0.0,-20.23388274,3,341.782,0.006704394,0.000151596,-0.594294245,175.139987,1.553099407,1.237876337
0.0,-25.89824614,3,123.222,9.11e-05,0.00014362,-2.749082048,147.6460213,1.71456467,1.689639527
0.0,-20.31544941,3,155.344,0.007847725,6.35e-05,-1.585483138,210.0897429,1.203371561,1.159195497
0.0,-19.7462427,3,155.344,0.009758321,6.19e-05,-1.395747568,200.3787609,0.980250621,0.964543645
0.0,-83.19851128,12,552.3722,0.008329248,0.000171545,-0.77937594,610.801699,1.066608556,1.013740672
0.0,-76.05775914,12,927.6602,0.009301987,0.00012857,-0.580979928,678.3796547,0.889866064,0.818653681
0.0,-83.51949323,12,728.1522,0.004762127,0.00022729,-0.758957769,613.2617694,1.039261131,0.941081131
0.0,-80.73827509,12,508.4183,0.007666353,0.000279055,-0.723772924,594.2319931,0.943972354,0.898966496
0.0,-80.90542872,12,596.3083,0.009704956,0.000139188,-0.71411906,595.6968096,0.928631353,0.863077566
0.0,-85.81118427,12,596.3261,0.007937032,0.000213975,-0.847682022,625.7877368,1.251332245,1.18435201
0.0,-78.58216776,12,971.6141,0.007999473,0.000116996,-0.641930647,691.6330182,1.037126163,0.951491315
0.0,-86.25587043,12,859.9961,0.009472406,0.000226301,-0.813989202,628.0996228,1.291686638,1.125774074
0.0,-78.410329,12,1235.2841,0.006026236,0.000107611,-0.55686075,693.3361407,1.067119415,0.882214462
0.0,-88.8043637,12,816.06,0.009084975,3.4e-05,-0.900530308,637.8663545,1.697309749,1.532056544
0.0,-81.07898679,12,1191.348,0.009995571,6.2e-05,-0.653415566,700.6691571,1.452457882,1.270035001
0.0,-73.49729142,12,1580.38,0.009223111,7.98e-05,-0.206940951,812.5435069,1.066814842,0.861548682
0.0,-88.65624075,12,728.17,0.008128568,5.94e-05,-0.911770063,637.437501,1.674192718,1.559256906
0.0,-81.13020814,12,1103.458,0.005513583,4.3e-05,-0.681267345,700.4017415,1.445748844,1.299595285
0.0,-73.78301507,12,1492.49,0.008670255,0.000147391,-0.254334589,812.5322468,1.072309823,0.899526692
0.0,-88.93736267,12,903.95,0.009517114,8.55e-05,-0.888030223,638.2103018,1.754033424,1.531814197
0.0,-81.0152478,12,1279.238,0.005046447,2.42e-05,-0.62452065,700.8211379,1.50274465,1.257622115
0.0,-73.20193209,12,1668.27,0.008082419,7.08e-05,-0.158744341,812.9030446,1.077251122,0.804370597
0.0,-76.12119649,12,709.194,0.008713257,0.000184811,-1.258766374,753.9656836,0.940395753,0.910202957
0.0,-76.01749475,12,534.662,0.008426884,0.000228392,-1.267291229,760.2337843,0.856732939,0.845435968
0.0,-74.72888023,12,578.571,0.007126851,0.000272847,-1.210740019,728.1721553,0.861787115,0.84909431
0.0,-74.67770305,12,491.305,0.009065398,0.000298148,-1.215058587,730.4124197,0.842956319,0.840181052
0.0,-77.62741244,12,839.817,0.008800113,0.000154667,-1.31628437,773.4036408,1.011549628,0.995506664
0.0,-77.50858,12,578.019,0.00997526,0.000184187,-1.332131667,782.0517145,0.999552315,0.996651866
0.0,-79.10675414,12,795.908,0.009445374,5.73e-05,-1.388729512,801.2818839,1.152923864,1.129092599
0.0,-72.08555818,12,1171.196,0.009548513,5.92e-05,-1.200296515,870.7360277,0.905213803,0.8412367
0.0,-79.06871345,12,708.642,0.008447753,8.26e-05,-1.394142787,804.0102144,1.142091188,1.137627274
0.0,-72.12648479,12,1083.93,0.008200705,4.61e-05,-1.212290399,873.5267956,0.870274029,0.818571601
0.0,-79.13903597,12,883.174,0.005797898,7.06e-05,-1.382836331,796.9136466,1.150404094,1.137562876
0.0,-72.04223963,12,1258.462,0.009652708,6.04e-05,-1.188103303,865.746724,0.905664909,0.834181344
0.0,-25.35148503,6,277.891077,0.00562903,3.97e-05,-1.091580839,367.1940305,2.264066757,2.262506594
0.0,-23.23885701,6,371.713077,0.005156931,0.000142316,-0.937809501,403.8699692,1.542721415,1.534616976
0.0,-26.76835544,6,188.983077,0.007093219,0.000181902,-1.261059241,355.5508271,2.334991228,2.334344797
0.0,-24.54856667,6,282.805077,0.001631946,8.91e-05,-1.089427779,391.6170007,1.42283134,1.416123
0.0,-31.3657449,6,339.770017,0.008380228,0.000277428,-1.780957483,278.3676332,2.259743675,2.219148964
0.0,-23.71370161,6,371.892017,0.008242659,0.000130859,-0.854283602,384.6866802,1.760176034,1.614703097
0.0,-21.74829715,6,465.714017,0.00622834,0.000101402,-0.725049525,421.9846407,1.514758389,1.492924982
0.0,-28.98300933,6,609.7668,0.005780328,0.000163226,-1.036168221,369.1644072,2.386865043,1.431080268
0.0,-24.00679944,6,641.8888,0.003570043,4.66e-05,-0.555466573,493.6737041,1.710321456,0.968905628
0.0,-30.0201512,6,520.8588,0.004403857,0.000137817,-1.142358533,363.0460304,2.676938962,1.733006056
0.0,-24.96931701,6,552.9808,0.003805189,4.34e-05,-0.649219501,487.1957821,1.730355737,0.943012546
0.0,-27.84172477,6,703.76774,0.007800475,3.2e-05,-0.881620794,380.4964234,1.967361181,1.074439687
0.0,-23.01878469,6,735.88974,0.008246506,0.000194185,-0.426464115,505.6637309,1.596795254,0.837295548
0.0,-29.10576624,6,333.082,0.002132814,0.000720419,-0.032961041,274.9353528,1.501512594,1.500192823
0.0,-30.45410288,6,244.174,0.009911901,0.000858984,-0.191017146,266.0553024,1.851524312,1.85135324
0.0,-40.82470975,6,295.7982,0.009404342,0.000539565,-1.431451624,276.951943,1.011170742,1.003486712
0.0,-42.27119568,6,206.8902,0.008694185,0.000533203,-1.605865946,268.7798948,1.190010907,1.189815701
0.0,-21.0514224,6,363.374,0.001614925,7.43e-05,-0.653237066,387.9435547,1.481205235,1.484856462
0.0,-22.19923357,6,274.466,0.003304264,7.24e-05,-0.777872262,376.8925195,1.417682322,1.417121466
0.0,-25.63476057,6,425.25294,0.007299291,0.000226124,-1.104126762,296.7201366,1.014101953,1.000941635
0.0,-19.70906337,6,457.37494,0.0038569,6.85e-05,-0.465177228,403.2629089,0.949441965,0.832655982
0.0,-18.20870729,6,551.19694,0.004843435,4.48e-05,-0.413451214,440.8969012,0.785249644,0.821836229
0.0,-45.0574882,6,544.802,0.002422829,0.000507571,-1.6949147,317.0879208,2.097502612,2.063982762
0.0,-46.42740879,6,455.894,0.006475269,0.000475452,-1.856568132,310.9662874,2.139785437,2.1014991
0.0,-43.42972603,6,638.80294,0.007518368,0.000571907,-1.459287672,329.0433873,1.741763328,1.584659285
0.0,-26.71484627,6,421.442,0.001405775,0.000124592,-1.295141046,323.0554921,2.324197716,2.290311643
0.0,-21.06908007,6,453.564,0.003515934,5.59e-05,-0.702846678,438.6419819,1.903845688,1.908160946
0.0,-19.60348147,6,547.386,0.003030802,8.5e-05,-0.656913578,476.3158345,1.234731631,1.230333428
0.0,-22.11453223,6,364.656,0.008520313,0.000181441,-0.810422038,428.5829824,1.798821706,1.797393913
0.0,-20.60529206,6,458.478,0.005739796,8.47e-05,-0.757215344,465.705814,1.076805938,1.066938566
0.0,-25.31672683,6,515.44294,0.003632406,0.000160867,-1.097787806,337.8754438,1.231966979,1.190904411
0.0,-19.88417335,6,547.56494,0.002392066,8.18e-06,-0.541028891,453.7920122,1.692136058,1.539355644
0.0,-18.48198493,6,641.38694,0.006317786,9.79e-05,-0.505664155,492.5112913,1.241001921,1.263988805
0.0,-31.99478339,6,313.839816,0.0037506,0.000124903,-1.891463899,410.9407379,2.16528112,2.130096575
0.0,-29.96500992,6,407.661816,0.002249196,0.000108319,-1.751501654,441.4550908,1.580818367,1.510187808
0.0,-33.36123842,6,224.931816,0.007371342,0.000238244,-2.052539737,401.9508311,2.116170158,2.109342912
0.0,-31.32309134,6,318.753816,0.001970427,9.57e-05,-1.911181891,432.6930245,1.450047675,1.408873089
0.0,-38.01420917,6,375.718756,0.008037761,7.7e-05,-2.581701529,317.8962412,1.878976946,1.811692712
0.0,-30.50798763,6,407.840756,0.010066955,0.000132928,-1.679331272,426.9220254,1.814074739,1.662454423
0.0,-28.50076761,6,501.662756,0.007956774,0.000117121,-1.543127936,457.1581023,1.563893479,1.39322623
0.0,-28.72820392,6,425.242,0.002791881,0.000627221,-0.12336732,320.8229619,1.359542744,1.365925805
0.0,-29.87242073,6,336.334,0.003685191,0.000598101,-0.247403454,313.4705323,1.406202112,1.405850967
0.0,-27.33347025,6,519.24294,0.007107239,0.000540668,0.073421625,333.7024682,1.142138354,1.068525414
0.0,-22.25856494,6,600.566,0.004701245,0.000106066,-0.640760824,346.7414882,1.02174307,1.012513163
0.0,-23.151407,6,511.658,0.006732958,7.14e-05,-0.722901166,340.4663397,1.041576131,1.029800134
0.0,-44.89852018,6,370.27,0.003880009,0.000510479,-1.702753364,318.2658551,1.820050532,1.816221845
0.0,-46.2438438,6,281.362,0.002717875,0.000512116,-1.860307299,312.3310015,1.851214143,1.849094399
0.0,-43.3099314,6,464.27094,0.008714711,0.000672802,-1.473655234,330.0627148,1.299563587,1.103932049
0.0,-26.7574081,4,85.961077,0.001736282,0.000278781,-2.258352025,145.4284657,1.316596456,1.315091028
0.0,-19.17513171,4,118.083077,0.003811721,9.62e-05,-0.885782928,219.5526429,2.08692118,2.085252661
0.0,-17.31050331,4,211.905077,0.002485529,5.23e-05,-0.717125828,246.1056452,2.012051484,1.997465295
0.0,-15.39019648,4,309.163077,0.005291935,0.000114272,-0.376049119,295.2612607,1.841449082,1.74798174
0.0,-21.8566424,4,171.444,0.011171313,0.000165596,-1.450660601,161.6009629,1.557323795,1.556398338
0.0,-16.61892362,4,203.566,0.002935554,4.94e-05,-0.664230905,226.3109845,2.323177803,2.320546163
0.0,-15.17697458,4,297.388,0.007253181,0.0001354,-0.601243644,251.1779666,1.786921115,1.764606828
0.0,-13.70251373,4,394.646,0.006314194,0.000107789,-0.371628432,295.6906783,1.437016226,1.296655621
0.0,-15.90492505,4,293.756,0.008984306,0.000183434,-0.555731262,267.7266485,1.678135378,1.675147054
0.0,-14.64186944,4,387.578,0.007573729,3.66e-05,-0.53746736,292.7915016,1.430701594,1.404067454
0.0,-13.33625291,4,484.836,0.008366061,8.63e-05,-0.350063227,340.2045009,1.36538541,1.232646978
0.0,-49.14864095,8,549.34,0.009952773,0.000107921,-1.208580119,389.4266439,1.172193803,1.156780056
0.0,-61.45678279,8,191.728,0.004154542,0.001021055,-2.166597849,230.7105989,2.461250689,2.460685523
0.0,-49.30367476,8,374.808,0.0084223,0.000141139,-1.253709346,395.612136,1.185214352,1.181862113
0.0,-29.39320811,6,423.6082,0.008484018,0.000230488,-0.705868019,482.927175,0.890953471,0.894463279
0.0,-28.31219559,6,676.596,0.008499557,6.51e-05,-1.160032599,416.9262943,0.882080444,0.851928682
0.0,-31.14811229,6,498.78,0.008763757,0.000144217,-1.499352049,376.4281431,0.872065162,0.842701933
0.0,-31.40089318,6,243.683,0.007868177,0.000163779,-1.202148864,384.2188652,1.426805614,1.426491394
0.0,-25.93219307,6,609.50088,0.009824152,4.38e-05,-0.495365512,517.305614,1.163553595,1.156667132
